KPI,Value (%)
Overall Churn Rate,20.369999999999997
Germany Churn Rate,32.44320446392985
Spain Churn Rate,16.673395236172787
France Churn Rate,16.15476665337056
Age 60+ Churn Rate,24.78448275862069
Inactive Member Churn Rate,26.850897092183956
High-Value Churn Rate,23.1
